{
  "num_runs": 5,
  "batch_size": 512,
  "final_test_acc_mean": 75.482,
  "final_test_acc_std": 0.4279906541035682,
  "best_test_acc_mean": 75.58599999999998,
  "best_test_acc_std": 0.5005037462397269,
  "statistical_tests": [
    {
      "comparison": "Adam vs SR-Adam",
      "optimizer_1": "Adam",
      "optimizer_2": "SR-Adam",
      "n_runs": 5,
      "mean_1": 73.774,
      "std_1": 0.6931262511260126,
      "mean_2": 75.482,
      "std_2": 0.4279906541035682,
      "mean_diff": -1.7080000000000013,
      "t_test_statistic": -3.843358650138095,
      "t_test_pvalue": 0.0184066502961837,
      "wilcoxon_statistic": 0.0,
      "wilcoxon_pvalue": 0.0625
    }
  ]
}