{
  "num_runs": 5,
  "batch_size": 512,
  "final_test_acc_mean": 73.774,
  "final_test_acc_std": 0.6931262511260126,
  "best_test_acc_mean": 74.11999999999999,
  "best_test_acc_std": 0.6006662967072471,
  "statistical_tests": [
    {
      "comparison": "Adam vs SR-Adam",
      "optimizer_1": "Adam",
      "optimizer_2": "SR-Adam",
      "n_runs": 5,
      "mean_1": 73.774,
      "std_1": 0.6931262511260126,
      "mean_2": 75.482,
      "std_2": 0.4279906541035682,
      "mean_diff": -1.7080000000000013,
      "t_test_statistic": -3.843358650138095,
      "t_test_pvalue": 0.0184066502961837,
      "wilcoxon_statistic": 0.0,
      "wilcoxon_pvalue": 0.0625
    },
    {
      "comparison": "Adam vs SR-Adam-All-Weights",
      "optimizer_1": "Adam",
      "optimizer_2": "SR-Adam-All-Weights",
      "n_runs": 5,
      "mean_1": 73.774,
      "std_1": 0.6931262511260126,
      "mean_2": 70.58,
      "std_2": 0.7271313498949131,
      "mean_diff": 3.194,
      "t_test_statistic": 6.81449568879348,
      "t_test_pvalue": 0.0024238458191782686,
      "wilcoxon_statistic": 0.0,
      "wilcoxon_pvalue": 0.0625
    }
  ]
}