{
  "num_runs": 5,
  "final_test_acc_mean": 40.076,
  "final_test_acc_std": 0.5049197956111436,
  "best_test_acc_mean": 40.42999999999999,
  "best_test_acc_std": 0.2950254226333714
}