{
  "num_runs": 5,
  "batch_size": 512,
  "final_test_acc_mean": 42.73799999999999,
  "final_test_acc_std": 1.0857513527507132,
  "best_test_acc_mean": 42.742,
  "best_test_acc_std": 1.0850511508680147,
  "statistical_tests": [
    {
      "comparison": "Adam vs SR-Adam",
      "optimizer_1": "Adam",
      "optimizer_2": "SR-Adam",
      "n_runs": 5,
      "mean_1": 40.824,
      "std_1": 0.5605568659823916,
      "mean_2": 42.73799999999999,
      "std_2": 1.0857513527507132,
      "mean_diff": -1.9140000000000015,
      "t_test_statistic": -5.9705894209851715,
      "t_test_pvalue": 0.0039530663785509144,
      "wilcoxon_statistic": 0.0,
      "wilcoxon_pvalue": 0.0625
    }
  ]
}