{
  "dataset": "CIFAR100",
  "model": "simplecnn",
  "noise": 0.0,
  "optimizer": "SR-Adam",
  "batch_size": 512,
  "final_test_acc_mean": 42.73799999999999,
  "final_test_acc_std": 1.213906915706474,
  "best_test_acc_mean": 42.742,
  "best_test_acc_std": 1.2131240662026306,
  "num_runs": 5
}