{
  "num_runs": 5,
  "final_test_acc_mean": 40.824,
  "final_test_acc_std": 0.5605568659823916,
  "best_test_acc_mean": 40.85,
  "best_test_acc_std": 0.5544005772002777
}