{
  "dataset": "CIFAR10",
  "model": "simplecnn",
  "noise": 0.05,
  "optimizer": "SR-Adam",
  "batch_size": 512,
  "final_test_acc_mean": 75.75399999999999,
  "final_test_acc_std": 0.3737378760575385,
  "best_test_acc_mean": 75.83800000000001,
  "best_test_acc_std": 0.3138789575616685,
  "num_runs": 5
}