{
  "num_runs": 5,
  "final_test_acc_mean": 13.2,
  "final_test_acc_std": 0.4941153711432176,
  "best_test_acc_mean": 13.2,
  "best_test_acc_std": 0.4941153711432176
}