{
  "num_runs": 5,
  "final_test_acc_mean": 71.924,
  "final_test_acc_std": 0.9137089252053919,
  "best_test_acc_mean": 72.30999999999999,
  "best_test_acc_std": 0.46600429182572806
}