{
  "num_runs": 5,
  "final_test_acc_mean": 72.59199999999998,
  "final_test_acc_std": 1.0248999951214761,
  "best_test_acc_mean": 73.20199999999998,
  "best_test_acc_std": 0.5640655990219601
}