{
  "num_runs": 5,
  "final_test_acc_mean": 40.19199999999999,
  "final_test_acc_std": 0.6734018116993743,
  "best_test_acc_mean": 40.245999999999995,
  "best_test_acc_std": 0.6709918032286252
}