{
  "num_runs": 5,
  "final_test_acc_mean": 34.76,
  "final_test_acc_std": 0.7193399752550943,
  "best_test_acc_mean": 34.769999999999996,
  "best_test_acc_std": 0.7226340706055862
}