{
  "num_runs": 5,
  "final_test_acc_mean": 75.482,
  "final_test_acc_std": 0.4785080981550889,
  "best_test_acc_mean": 75.58599999999998,
  "best_test_acc_std": 0.5595801997926672
}