{
  "dataset": "CIFAR100",
  "model": "simplecnn",
  "noise": 0.1,
  "optimizer": "SR-Adam",
  "batch_size": 512,
  "final_test_acc_mean": 40.076,
  "final_test_acc_std": 0.5645174930859086,
  "best_test_acc_mean": 40.42999999999999,
  "best_test_acc_std": 0.3298484500494117,
  "num_runs": 5
}