{
  "dataset": "CIFAR10",
  "model": "simplecnn",
  "noise": 0.1,
  "optimizer": "SGD",
  "batch_size": 512,
  "final_test_acc_mean": 49.10600000000001,
  "final_test_acc_std": 0.7701493361679912,
  "best_test_acc_mean": 49.23800000000001,
  "best_test_acc_std": 0.760736485256227,
  "num_runs": 5
}