{
  "num_runs": 5,
  "final_test_acc_mean": 34.632,
  "final_test_acc_std": 0.6639698788348758,
  "best_test_acc_mean": 34.632,
  "best_test_acc_std": 0.6639698788348758
}