{
  "dataset": "CIFAR10",
  "model": "simplecnn",
  "noise": 0.1,
  "optimizer": "Adam",
  "batch_size": 512,
  "final_test_acc_mean": 72.59199999999998,
  "final_test_acc_std": 1.0248999951214761,
  "best_test_acc_mean": 73.20199999999998,
  "best_test_acc_std": 0.5640655990219601,
  "num_runs": 5
}