{
  "num_runs": 5,
  "final_test_acc_mean": 75.21000000000001,
  "final_test_acc_std": 0.6268652167731102,
  "best_test_acc_mean": 75.372,
  "best_test_acc_std": 0.6214627905192707
}