{
  "num_runs": 5,
  "final_test_acc_mean": 41.498,
  "final_test_acc_std": 1.2034849396648055,
  "best_test_acc_mean": 41.5,
  "best_test_acc_std": 1.202630450304664
}