{
    "dataset_name": "CIFAR10",
    "batch_size": 1024,
    "num_epochs": 2,
    "noise_std": 0.0,
    "optimizers": [
        "Adam",
        "SR-Adam (Conv-only, Adaptive)"
    ],
    "optimizer_params": {
        "Adam": {
            "final_mean": 50.805,
            "final_std": 0.4450000000000003,
            "best_mean": 50.805,
            "best_std": 0.4450000000000003,
            "num_runs": 2
        },
        "SR-Adam (Conv-only, Adaptive)": {
            "final_mean": 48.959999999999994,
            "final_std": 0.16000000000000014,
            "best_mean": 48.959999999999994,
            "best_std": 0.16000000000000014,
            "num_runs": 2
        }
    },
    "final_test_accuracies": {
        "Adam": 51.25,
        "SR-Adam (Conv-only, Adaptive)": 49.12
    }
}