,final_mean,final_std,best_mean,best_std,num_runs,noise_table
CIFAR10|noise_0.0|SR-Adam-All-Weights,70.58,0.7271313498949131,70.858,0.26910221106486654,5.0,
CIFAR10|noise_0.05|SR-Adam-All-Weights,70.97,0.478204976971176,71.24600000000001,0.44400900891761486,5.0,
CIFAR10|noise_0.1|SR-Adam-All-Weights,70.30999999999999,0.45015552867870223,70.43599999999999,0.29533709553660975,5.0,
CIFAR10|simplecnn,,,,,,"{'SR-Adam-All-Weights': [{'noise': 0.0, 'final_mean': 70.58, 'final_std': 0.7271313498949131}, {'noise': 0.05, 'final_mean': 70.97, 'final_std': 0.478204976971176}, {'noise': 0.1, 'final_mean': 70.30999999999999, 'final_std': 0.45015552867870223}]}"
