,final_mean,final_std,best_mean,best_std,num_runs,noise_table
CIFAR100|noise_0.05|Adam|bs_64,40.19,0.3909816704996123,40.24,0.44929574521318044,3.0,
CIFAR100|noise_0.05|SR-Adam|bs_64,31.78333333333333,0.37650438982242385,32.19,0.2244994432064361,3.0,
CIFAR100|noise_0.05|Adam|bs_128,41.48,0.6667833231267879,41.48,0.6667833231267879,3.0,
CIFAR100|noise_0.05|SR-Adam|bs_128,36.20666666666667,1.5845574215604243,36.25666666666667,1.5975467303198216,3.0,
CIFAR100|noise_0.05|Adam|bs_256,40.67,0.8414669730100317,40.67,0.8414669730100317,3.0,
CIFAR100|noise_0.05|SR-Adam|bs_256,40.21666666666667,0.7222803395419864,40.47,0.9253467818427129,3.0,
CIFAR100|noise_0.05|Adam|bs_1024,37.92666666666667,0.39877590476635016,37.98,0.42551929059287785,3.0,
CIFAR100|noise_0.05|SR-Adam|bs_1024,40.876666666666665,0.3423773097362362,40.88333333333333,0.3517890782209661,3.0,
CIFAR100|simplecnn,,,,,,"{'Adam': [{'noise': 0.05, 'batch_size': 64, 'final_mean': 40.19, 'final_std': 0.3909816704996123}, {'noise': 0.05, 'batch_size': 128, 'final_mean': 41.48, 'final_std': 0.6667833231267879}, {'noise': 0.05, 'batch_size': 256, 'final_mean': 40.67, 'final_std': 0.8414669730100317}, {'noise': 0.05, 'batch_size': 1024, 'final_mean': 37.92666666666667, 'final_std': 0.39877590476635016}], 'SR-Adam': [{'noise': 0.05, 'batch_size': 64, 'final_mean': 31.78333333333333, 'final_std': 0.37650438982242385}, {'noise': 0.05, 'batch_size': 128, 'final_mean': 36.20666666666667, 'final_std': 1.5845574215604243}, {'noise': 0.05, 'batch_size': 256, 'final_mean': 40.21666666666667, 'final_std': 0.7222803395419864}, {'noise': 0.05, 'batch_size': 1024, 'final_mean': 40.876666666666665, 'final_std': 0.3423773097362362}]}"
