,final_mean,final_std,best_mean,best_std,num_runs,noise_table
CIFAR10|noise_0.05|Adam|bs_64,75.99666666666667,0.8026760796790219,76.17,0.9356281312572836,3.0,
CIFAR10|noise_0.05|SR-Adam|bs_64,71.33666666666666,0.8047497885816566,72.02,0.6631741852635713,3.0,
CIFAR10|noise_0.05|Adam|bs_128,76.29666666666667,0.4089281382128432,76.31,0.42481368465088776,3.0,
CIFAR10|noise_0.05|SR-Adam|bs_128,73.67,1.4601598086054346,73.74666666666667,1.5277288881066404,3.0,
CIFAR10|noise_0.05|Adam|bs_256,75.39999999999999,0.5334791467339617,75.51666666666667,0.4464925033587393,3.0,
CIFAR10|noise_0.05|SR-Adam|bs_256,75.38,0.4667618950457118,75.73,0.2839013913315652,3.0,
CIFAR10|noise_0.05|Adam|bs_1024,71.63000000000001,1.0972997159694653,71.96,0.8713208364316809,3.0,
CIFAR10|noise_0.05|SR-Adam|bs_1024,73.89,1.371714255958581,73.89,1.371714255958581,3.0,
CIFAR10|simplecnn,,,,,,"{'Adam': [{'noise': 0.05, 'batch_size': 64, 'final_mean': 75.99666666666667, 'final_std': 0.8026760796790219}, {'noise': 0.05, 'batch_size': 128, 'final_mean': 76.29666666666667, 'final_std': 0.4089281382128432}, {'noise': 0.05, 'batch_size': 256, 'final_mean': 75.39999999999999, 'final_std': 0.5334791467339617}, {'noise': 0.05, 'batch_size': 1024, 'final_mean': 71.63000000000001, 'final_std': 1.0972997159694653}], 'SR-Adam': [{'noise': 0.05, 'batch_size': 64, 'final_mean': 71.33666666666666, 'final_std': 0.8047497885816566}, {'noise': 0.05, 'batch_size': 128, 'final_mean': 73.67, 'final_std': 1.4601598086054346}, {'noise': 0.05, 'batch_size': 256, 'final_mean': 75.38, 'final_std': 0.4667618950457118}, {'noise': 0.05, 'batch_size': 1024, 'final_mean': 73.89, 'final_std': 1.371714255958581}]}"
