{
  "dataset": "CIFAR10",
  "model": "simplecnn",
  "noise": 0.1,
  "optimizer": "SR-Adam-All-Weights",
  "batch_size": 512,
  "final_test_acc_mean": 70.30999999999999,
  "final_test_acc_std": 0.5032891812864672,
  "best_test_acc_mean": 70.43599999999999,
  "best_test_acc_std": 0.33019691094860454,
  "num_runs": 5
}