dataset,noise,batch_size,n_pairs,adam_mean,sradam_mean,ttest_stat,ttest_p,ttest_sig,wilcoxon_stat,wilcoxon_p,wilcoxon_sig
CIFAR10,0.0,512,5,74.11999999999999,75.58599999999998,-6.183067675989667,0.003476625413861273,True,0.0,0.0625,False
CIFAR10,0.05,512,5,73.952,75.83800000000001,-12.099691541389609,0.0002676283720397364,True,0.0,0.0625,False
CIFAR10,0.1,512,5,73.20199999999998,75.372,-18.880275405681992,4.634885968456804e-05,True,0.0,0.0625,False
