dataset,noise,batch_size,n_pairs,adam_mean,sradam_mean,ttest_stat,ttest_p,ttest_sig,wilcoxon_stat,wilcoxon_p,wilcoxon_sig
CIFAR100,0.0,512,5,40.85,42.742,-6.050134464832895,0.003765835588968696,True,0.0,0.0625,False
CIFAR100,0.05,512,5,40.245999999999995,41.5,-2.4079079645485915,0.07372166541948058,False,0.0,0.0625,False
CIFAR100,0.1,512,5,39.142,40.42999999999999,-7.549870843439009,0.0016490446643748395,True,0.0,0.0625,False
