{
  "num_runs": 5,
  "final_test_acc_mean": 13.232,
  "final_test_acc_std": 0.4422329702769796,
  "best_test_acc_mean": 13.232,
  "best_test_acc_std": 0.4422329702769796
}