{
  "num_runs": 5,
  "final_test_acc_mean": 39.024,
  "final_test_acc_std": 0.5443013871009339,
  "best_test_acc_mean": 39.142,
  "best_test_acc_std": 0.5496689913029483
}